<?xml version="1.0" encoding="UTF-8"?>
<project-private xmlns="http://www.netbeans.org/ns/project-private/1">
    <editor-bookmarks xmlns="http://www.netbeans.org/ns/editor-bookmarks/2" lastBookmarkId="0"/>
    <open-files xmlns="http://www.netbeans.org/ns/projectui-open-files/2">
        <group>
            <file>file:/C:/Users/Mr.Lucena/Documents/NetBeansProjects/Atividade%20Final/src/Login.java</file>
            <file>file:/C:/Users/Mr.Lucena/Documents/NetBeansProjects/Atividade%20Final/src/Tela_Inicial.java</file>
            <file>file:/C:/Users/Mr.Lucena/Documents/NetBeansProjects/Atividade%20Final/src/TelaReceita.java</file>
            <file>file:/C:/Users/Mr.Lucena/Documents/NetBeansProjects/Atividade%20Final/src/TelaDespesa.java</file>
            <file>file:/C:/Users/Mr.Lucena/Documents/NetBeansProjects/Atividade%20Final/src/TelaResumo.java</file>
            <file>file:/C:/Users/Mr.Lucena/Documents/NetBeansProjects/Atividade%20Final/src/telaHistorico.java</file>
            <file>file:/C:/Users/Mr.Lucena/Documents/NetBeansProjects/Atividade%20Final/src/Cadastro.java</file>
            <file>file:/C:/Users/Mr.Lucena/Documents/NetBeansProjects/Atividade%20Final/src/TelaContas.java</file>
            <file>file:/C:/Users/Mr.Lucena/Documents/NetBeansProjects/Atividade%20Final/src/GerenciadorContas.java</file>
            <file>file:/C:/Users/Mr.Lucena/Documents/NetBeansProjects/Atividade%20Final/src/Feedback.java</file>
            <file>file:/C:/Users/Mr.Lucena/Documents/NetBeansProjects/Atividade%20Final/src/TelaAnotações.java</file>
            <file>file:/C:/Users/Mr.Lucena/Documents/NetBeansProjects/Atividade%20Final/src/TelaContasPagas.java</file>
        </group>
    </open-files>
</project-private>
